Entity,Year,Cost of a healthy diet,gdp,population,Region,bmi
Albania,2017,3.04,14155.04,2898245,Europe,22.50938
Albania,2018,3.13,14710.982,2894229,Europe,23.27709
Albania,2019,3.32,15078.507,2885011,Europe,24.06825
Albania,2020,3.4,14662.796,2871950,Europe,24.87768
Albania,2021,3.49,16126.777,2849641,Europe,25.72502
Albania,2022,4.14,17111.953,2827614,Europe,26.58335
Albania,2023,4.58,17991.016,2811660,Europe,
Algeria,2017,4.09,15427.664,41689302,Europe,20.98617
Algeria,2018,4.16,15343.426,42505033,Africa,21.64547
Algeria,2019,4.18,15199.199,43294551,Africa,22.30026
Algeria,2020,4.2,14194.155,44042094,Africa,22.95371
Algeria,2021,4.47,14496.865,44761099,Africa,23.60328
Algeria,2022,5.01,14782.2,45477391,Africa,24.24859
Algeria,2023,5.41,15159.324,46164222,Africa,
Angola,2017,3.18,9042.117,30234836,Africa,8.92534
Angola,2018,3.27,8620.215,31297160,Africa,9.21939
Angola,2019,3.43,8274.543,32375633,Africa,9.52763
Angola,2020,3.7,7556.968,33451139,Africa,9.85061
Angola,2021,4.11,7408.1265,34532427,Africa,10.18675
Angola,2022,4.55,7397.4863,35635028,Africa,10.53502
Angola,2023,4.72,7250.403,36749909,Africa,
Antigua and Barbuda,2017,3.77,27199.195,90483,Africa,30.55123
Antigua and Barbuda,2018,4.24,28878.607,90942,Africa,31.23646
Antigua and Barbuda,2019,4.38,29651.863,91377,Africa,31.93299
Antigua and Barbuda,2020,4.67,23930.672,91864,Caribbean,32.63795
Antigua and Barbuda,2021,4.92,25745.496,92358,Caribbean,33.34641
Antigua and Barbuda,2022,5.46,27941.785,92850,Caribbean,34.06155
Antigua and Barbuda,2023,5.8,28474.045,93331,Caribbean,
Argentina,2017,3.26,28334.904,44288898,Caribbean,30.93398
Armenia,2017,3.22,14243.875,2914966,Caribbean,24.40158
Armenia,2018,3.31,15037.045,2909971,Caribbean,25.09498
Armenia,2019,3.44,16215.36,2903975,Caribbean,25.8029
Armenia,2020,3.54,15052.936,2890893,South America,26.49705
Armenia,2021,3.8,15921.705,2870339,Asia,27.17718
Armenia,2022,4.27,17886.178,2880880,Asia,27.86621
Armenia,2023,4.33,19402.752,2943398,Asia,
Aruba,2017,3.38,38558.004,105737,Asia,
Aruba,2018,3.55,39419.555,106447,Asia,
Aruba,2019,3.79,38435.426,107089,Asia,
Aruba,2020,3.9,28521.69,107411,Asia,
Aruba,2021,4.0,35696.31,107565,Asia,
Aruba,2022,4.5,38877.676,107792,Caribbean,
Aruba,2023,4.82,40516.81,107946,Caribbean,
Australia,2017,2.33,56684.65,24731044,Caribbean,29.14901
Australia,2018,2.36,57450.383,25119700,Caribbean,29.64319
Australia,2019,2.4,57837.062,25482714,Caribbean,30.14886
Australia,2020,2.51,57059.742,25743787,Caribbean,30.68957
Australia,2021,2.61,58182.336,25956417,Caribbean,31.25505
Australia,2022,2.88,59883.65,26200987,Oceania,31.82415
Australia,2023,3.1,60461.156,26451126,Oceania,
Austria,2017,2.06,62612.14,8798779,Oceania,16.0986
Austria,2018,2.11,63855.78,8841653,Oceania,16.26565
Austria,2019,2.19,64688.145,8880876,Oceania,16.43674
Austria,2020,2.31,60349.902,8921402,Oceania,16.62115
Austria,2021,2.42,62968.94,8967053,Oceania,16.82485
Austria,2022,2.75,65661.45,9064678,Oceania,17.04036
Austria,2023,2.91,64394.09,9130434,Europe,
Azerbaijan,2017,2.9,19659.004,9968510,Europe,23.59459
Azerbaijan,2018,2.95,19781.852,10039782,Europe,24.36877
Azerbaijan,2019,3.1,20101.492,10110483,Europe,25.1584
Azerbaijan,2020,3.28,19126.098,10181736,Europe,25.93212
Azerbaijan,2021,3.45,20111.375,10234372,Europe,26.69587
Azerbaijan,2022,3.92,21051.244,10295307,Europe,27.50411
Azerbaijan,2023,4.13,21310.738,10318209,Europe,
Bahamas,2017,4.2,33049.87,390496,Asia,44.00649
Bahamas,2018,4.23,33650.24,392718,Asia,44.72953
Bahamas,2019,4.12,33202.355,394684,Asia,45.44717
Bahamas,2020,4.19,26452.525,395874,Asia,46.16628
Bahamas,2021,4.28,31064.682,396381,Asia,46.89243
Bahamas,2022,4.97,34342.79,397542,Asia,47.61047
Bahamas,2023,5.25,35221.31,399452,Asia,
Bahrain,2017,3.04,53859.773,1482003,Asia,33.70923
Bahrain,2018,3.19,54893.074,1497634,North America,34.24779
Bahrain,2019,3.3,56749.96,1485675,North America,34.87986
Bahrain,2020,3.42,53814.246,1483081,North America,35.67412
Bahrain,2021,3.25,54954.676,1501762,North America,36.5512
Bahrain,2022,3.74,57572.996,1533460,North America,37.18739
Bahrain,2023,4.12,57819.906,1569674,North America,
Bangladesh,2017,3.09,6005.707,162186146,North America,3.69806
Bangladesh,2018,3.26,6392.5933,163523109,North America,3.98976
Bangladesh,2019,3.41,6838.326,164913060,Asia,4.29426
Bangladesh,2020,3.61,7015.1978,166298024,Asia,4.61226
Bangladesh,2021,3.83,7441.0693,167658855,Asia,4.94368
Bangladesh,2022,4.13,7888.164,169384891,Asia,5.29035
Bangladesh,2023,4.33,8242.398,171466986,Asia,
Belarus,2017,3.13,25503.98,9495793,Asia,25.4647
Belarus,2018,3.13,26363.463,9480031,Asia,25.71212
Belarus,2019,3.19,26798.82,9435415,Asia,25.94651
Belarus,2020,3.22,26731.496,9350943,Asia,26.15491
Belarus,2021,3.3,27611.18,9251368,Asia,26.34413
Belarus,2022,3.6,26537.508,9173240,Asia,26.55127
Belarus,2023,3.72,27782.438,9115679,Asia,
Belgium,2017,2.0,58555.152,11376583,Asia,20.70753
Belgium,2018,2.07,59383.88,11428608,Asia,20.94379
Belgium,2019,2.16,60506.66,11490623,Asia,21.18782
Belgium,2020,2.28,57358.836,11540102,Asia,21.44325
Belgium,2021,2.26,60669.215,11570843,Europe,21.71175
Belgium,2022,2.49,62744.203,11641814,Europe,22.00038
Belgium,2023,2.77,62920.645,11712891,Europe,
Belize,2017,2.56,11574.452,373215,Europe,37.97209
Belize,2018,2.69,11486.803,380232,Europe,38.73309
Belize,2019,2.9,11803.088,385833,Europe,39.50306
Belize,2020,3.16,10032.545,390819,Europe,40.29014
Belize,2021,3.52,11677.461,395355,Europe,41.09466
Belize,2022,3.85,12569.818,402741,Europe,41.91092
Belize,2023,4.32,12455.296,411112,Europe,
Benin,2017,2.85,3041.7793,12039777,Europe,8.23948
Benin,2018,2.87,3155.4512,12383349,Europe,8.53092
Benin,2019,2.89,3281.1047,12726760,Europe,8.84295
Benin,2020,2.91,3317.8596,13070169,Europe,9.1767
Benin,2021,3.07,3464.2886,13413423,Europe,9.5273
Benin,2022,3.25,3588.3252,13759507,Europe,9.8947
Benin,2023,3.3,3721.2126,14111035,Central America,
Bermuda,2017,2.88,96437.195,63603,Central America,30.88301
Bermuda,2018,2.94,95639.23,63852,Central America,31.51013
Bermuda,2019,3.12,95519.92,64130,Central America,32.13849
Bermuda,2020,3.33,88618.086,64404,Central America,32.76849
Bermuda,2021,3.55,92319.67,64672,Central America,33.39849
Bermuda,2022,3.96,98145.17,64772,Central America,34.00804
Bermuda,2023,4.23,103052.35,64721,Central America,
Bhutan,2017,4.13,13482.343,754343,Africa,8.85692
Bhutan,2018,4.32,13854.8545,759766,Africa,9.43668
Bhutan,2019,4.44,14555.188,764830,Africa,10.04012
Bhutan,2020,4.87,12979.937,770013,Africa,10.66656
Bhutan,2021,5.14,13458.8125,775450,Africa,11.31482
Bhutan,2022,5.48,14061.3125,780921,Africa,11.98425
Bhutan,2023,5.69,14645.266,786386,Africa,
Bolivia,2017,3.62,9642.813,11344591,Africa,23.20854
Bolivia,2018,3.61,9907.0625,11508370,Caribbean,24.08427
Bolivia,2019,3.75,9985.23,11671386,Caribbean,24.98196
Bolivia,2020,3.78,9000.976,11816301,Caribbean,25.90197
Bolivia,2021,3.96,9454.198,11937369,Caribbean,26.84188
Bolivia,2022,4.3,9681.707,12077156,Caribbean,27.80303
Bolivia,2023,4.57,9843.97,12244161,Caribbean,
Bosnia and Herzegovina,2017,4.07,15554.06,3428684,Caribbean,22.42233
Bosnia and Herzegovina,2018,4.13,16348.134,3386999,Caribbean,22.98452
Bosnia and Herzegovina,2019,4.34,17028.643,3345532,Asia,23.5717
Bosnia and Herzegovina,2020,4.34,16746.39,3299352,Asia,24.18778
Bosnia and Herzegovina,2021,4.54,18285.672,3244912,Asia,24.82762
Bosnia and Herzegovina,2022,5.48,19297.072,3204802,Asia,25.46701
Bosnia and Herzegovina,2023,5.95,19803.846,3185072,Asia,
Botswana,2017,3.01,17352.896,2266749,Asia,15.0859
Botswana,2018,3.0,17825.02,2299149,Asia,15.5446
Botswana,2019,3.04,18106.01,2332082,South America,16.01181
Botswana,2020,3.21,16289.392,2365895,South America,16.48969
Botswana,2021,3.41,17960.625,2401448,South America,16.97099
Botswana,2022,3.62,18647.373,2439895,South America,17.45848
Botswana,2023,4.01,18932.48,2480242,South America,
Brazil,2017,3.15,17724.48,204703440,South America,23.65411
Brazil,2018,3.23,17917.75,206107265,South America,24.64102
Brazil,2019,3.39,18018.621,207455459,South America,25.64392
Brazil,2020,3.69,17327.516,208660845,Europe,26.6663
Brazil,2021,3.97,18075.705,209550291,Europe,27.70533
Brazil,2022,4.39,18554.047,210306411,Europe,28.76292
Brazil,2023,4.55,19079.812,211140731,Europe,
Brunei,2017,4.11,78966.87,432787,Europe,28.20222
Brunei,2018,4.26,78099.05,437811,Europe,29.05845
Brunei,2019,4.36,80228.16,442690,Europe,29.9032
Brunei,2020,4.55,80280.9,447411,Europe,30.73948
Brunei,2021,4.86,78248.8,451722,Africa,31.56486
Brunei,2022,5.32,76357.83,455374,Africa,32.37802
Brunei,2023,5.67,76616.7,458959,Africa,
Bulgaria,2017,3.39,26681.43,7075642,Africa,22.22754
Bulgaria,2018,3.47,27739.502,7024745,Africa,22.64054
Bulgaria,2019,3.67,29199.834,6975466,Africa,23.05409
Bulgaria,2020,3.8,28545.709,6933656,Africa,23.45558
Bulgaria,2021,3.93,30971.914,6877222,Africa,23.85309
Bulgaria,2022,4.72,32433.15,6825862,South America,24.24786
Bulgaria,2023,5.16,33139.938,6795805,South America,
Burkina Faso,2017,2.77,2232.2878,19894413,South America,4.43681
Burkina Faso,2018,2.82,2316.3943,20438289,South America,4.72953
Burkina Faso,2019,2.72,2391.5364,20961956,South America,5.04297
Burkina Faso,2020,2.8,2380.9316,21478691,South America,5.37614
Burkina Faso,2021,2.97,2486.431,21995249,South America,5.72836
Burkina Faso,2022,3.48,2466.0532,22509038,South America,6.10077
Burkina Faso,2023,3.55,2482.0723,23025777,Asia,
Burundi,2017,3.4,880.99347,11506764,Asia,3.33906
Burundi,2018,3.12,868.5555,11859444,Asia,3.55096
Burundi,2019,3.1,855.7327,12255339,Asia,3.77201
Burundi,2020,3.33,833.9202,12617041,Asia,4.00917
Burundi,2021,3.54,836.6656,12965487,Asia,4.26484
Burundi,2022,4.0,829.38715,13321102,Asia,4.5345
Burundi,2023,4.5,828.58295,13689455,Asia,
Cambodia,2017,3.55,5632.0312,16073374,Europe,3.09308
Cambodia,2018,3.62,6050.591,16274522,Europe,3.32775
Cambodia,2019,3.68,6448.885,16481305,Europe,3.57531
Cambodia,2020,3.84,6128.782,16725484,Europe,3.83571
Cambodia,2021,3.95,6225.5327,16974309,Europe,4.1057
Cambodia,2022,4.25,6458.368,17201721,Europe,4.38646
Cambodia,2023,4.47,6695.292,17423884,Europe,
Cameroon,2017,2.6,4797.9756,24128609,Europe,11.53443
Cameroon,2018,2.74,4851.48,24806377,Africa,11.87083
Cameroon,2019,2.9,4882.3555,25506095,Africa,12.21992
Cameroon,2020,3.1,4763.482,26210566,Africa,12.5851
Cameroon,2021,3.41,4793.556,26915765,Africa,12.96291
Cameroon,2022,3.91,4843.6504,27632770,Africa,13.35076
Cameroon,2023,4.2,4870.571,28372690,Africa,
Canada,2017,3.08,56612.33,36808498,Africa,26.5356
Canada,2018,3.13,57337.492,37294996,Africa,26.66823
Canada,2019,3.19,57583.848,37782934,Africa,26.80227
Canada,2020,3.33,54092.88,38171903,Africa,26.96251
Canada,2021,3.52,56995.117,38454058,Africa,27.14013
Canada,2022,3.92,58321.062,38821259,Africa,27.31915
Canada,2023,4.27,57517.44,39299098,Africa,
Cape Verde,2017,3.16,8234.56,512899,Africa,12.13457
Cape Verde,2018,2.92,8531.13,513418,Africa,12.66729
Cape Verde,2019,2.86,9111.63,514116,Africa,13.23063
Cape Verde,2020,2.83,7207.8687,514683,Asia,13.82397
Cape Verde,2021,2.92,7685.4194,516655,Asia,14.44278
Cape Verde,2022,3.38,8850.106,519750,Asia,15.08562
Cape Verde,2023,3.69,9280.9795,522335,Asia,
Cayman Islands,2017,3.5,74564.74,64561,Asia,
Cayman Islands,2018,3.64,76088.9,65962,Asia,
Cayman Islands,2019,3.61,77440.555,67346,Asia,
Cayman Islands,2020,3.81,72149.33,68703,Asia,
Cayman Islands,2021,4.09,74150.86,70126,Africa,
Cayman Islands,2022,4.34,76359.09,71610,Africa,
Cayman Islands,2023,4.61,78109.35,73055,Africa,
Central African Republic,2017,2.95,1103.8661,4793512,Africa,6.21553
Central African Republic,2018,3.08,1125.7009,4878663,Africa,6.47109
Central African Republic,2019,3.22,1145.0956,4944708,Africa,6.73959
Central African Republic,2020,3.38,1136.5706,5026629,Africa,7.02508
Central African Republic,2021,3.63,1128.5524,5112103,Africa,7.33513
Central African Republic,2022,3.92,1136.8018,5098038,North America,7.66854
Central African Republic,2023,4.09,1132.6764,5152415,North America,
Chad,2017,2.82,2496.4927,15622756,North America,4.58459
Chad,2018,2.8,2552.6062,16156535,North America,4.77826
Chad,2019,2.8,2604.9163,16685223,North America,4.98983
Chad,2020,2.95,2513.0159,17224686,North America,5.21694
Chad,2021,3.04,2435.0728,17828274,North America,5.4568
Chad,2022,3.49,2655.71,18455319,North America,5.71398
Chad,2023,3.77,2641.4329,19319075,Africa,
Chile,2017,3.38,27892.994,18558868,Africa,34.60929
Chile,2018,3.52,28492.662,18893185,Africa,35.54849
Chile,2019,3.67,28218.535,19197748,Africa,36.50273
Chile,2020,3.79,26248.562,19370621,Africa,37.4911
Chile,2021,3.87,29089.85,19456323,Africa,38.49999
Chile,2022,4.43,29569.479,19553033,Africa,39.52288
Chile,2023,5.04,29563.678,19658833,Africa,
China,2017,2.8,16757.973,1412354730,Caribbean,6.22041
China,2018,2.82,17806.791,1419008954,Caribbean,6.58455
China,2019,3.0,18820.514,1423520357,Caribbean,6.96223
China,2020,3.25,19215.154,1426106093,Caribbean,7.36105
China,2021,3.13,20843.297,1426437269,Caribbean,7.77825
China,2022,3.41,21499.383,1425179562,Caribbean,8.21126
China,2023,3.53,22687.076,1422584930,Caribbean,
Colombia,2017,2.84,16986.033,48131076,Africa,20.89002
Colombia,2018,2.87,17104.13,49024463,Africa,21.44693
Colombia,2019,2.95,17336.771,49907987,Africa,22.01124
Colombia,2020,3.15,15861.5,50629997,Africa,22.60079
Colombia,2021,3.3,17383.09,51188174,Africa,23.2106
Colombia,2022,4.06,18458.72,51737944,Africa,23.85454
Colombia,2023,4.69,18382.998,52321152,Africa,
Comoros,2017,4.61,3236.986,756672,Africa,12.31146
Comoros,2018,4.55,3303.2568,771597,Africa,12.90641
Comoros,2019,4.54,3357.898,786582,Africa,13.53001
Comoros,2020,4.49,3424.5398,802172,Africa,14.17787
Comoros,2021,4.48,3449.0435,818178,Africa,14.84834
Comoros,2022,4.75,3478.1736,834191,Africa,15.54546
Comoros,2023,4.93,3516.4817,850390,Africa,
Congo,2017,3.04,7372.7705,5351013,Africa,7.26138
Congo,2018,3.16,7029.3364,5483128,Africa,7.39443
Congo,2019,3.24,6939.369,5616656,South America,7.52993
Congo,2020,3.43,6350.5093,5752792,South America,7.66996
Congo,2021,3.74,6263.2114,5892187,South America,7.8124
Congo,2022,4.16,6205.105,6035104,South America,7.95688
Congo,2023,4.33,6172.2876,6182890,South America,
Costa Rica,2017,3.54,22622.553,4913177,South America,28.30181
Costa Rica,2018,3.58,23005.312,4957813,South America,29.01541
Costa Rica,2019,3.67,23364.783,4999549,South America,29.735
Costa Rica,2020,3.56,22211.861,5034323,Asia,30.46733
Costa Rica,2021,3.7,23852.926,5059991,Asia,31.21397
Costa Rica,2022,4.13,24831.719,5081764,Asia,31.97244
Costa Rica,2023,4.52,25979.629,5105526,Asia,
Cote d'Ivoire,2017,2.66,5556.114,26733376,Asia,8.70969
Cote d'Ivoire,2018,2.69,5670.2,27464175,Asia,9.04399
Cote d'Ivoire,2019,2.66,5894.879,28193014,Asia,9.39894
Cote d'Ivoire,2020,2.73,5787.8154,28915452,Asia,9.77623
Cote d'Ivoire,2021,2.91,6045.2046,29639737,South America,10.17216
Cote d'Ivoire,2022,3.25,6272.264,30395004,South America,10.58711
Cote d'Ivoire,2023,3.45,6511.751,31165653,South America,
Croatia,2017,3.31,32351.873,4079198,South America,30.90548
Croatia,2018,3.36,33730.875,4024868,South America,31.81545
Croatia,2019,3.44,35123.49,3986338,South America,32.74408
Croatia,2020,3.53,32493.625,3953956,South America,33.69365
Croatia,2021,3.71,36930.47,3924607,South America,34.66637
Croatia,2022,4.21,39861.79,3907031,Africa,35.65174
Croatia,2023,4.53,41135.086,3896023,Africa,
Curacao,2017,2.95,29729.102,168525,Africa,
Curacao,2018,3.13,29256.814,181590,Africa,
Curacao,2019,3.35,28659.656,189555,Africa,
Curacao,2020,3.65,23751.498,185029,Africa,
Curacao,2021,4.0,25163.867,185324,Africa,
Curacao,2022,4.44,27587.244,185350,Africa,
Curacao,2023,5.01,27675.572,185437,Africa,
Cyprus,2017,2.89,42128.566,1254274,Africa,23.56579
Cyprus,2018,2.93,44227.91,1270743,Africa,23.8538
Cyprus,2019,3.04,46195.594,1286669,Africa,24.14631
Cyprus,2020,3.14,44203.89,1302250,Africa,24.4562
Cyprus,2021,3.1,48781.277,1317311,Africa,24.78185
Cyprus,2022,3.44,51588.445,1331376,Africa,25.10993
Cyprus,2023,3.65,52190.875,1344981,Africa,
Czechia,2017,2.81,45177.523,10541343,Central America,28.36891
Czechia,2018,2.83,46301.082,10548934,Central America,28.96456
Czechia,2019,2.97,47763.617,10554872,Central America,29.56058
Czechia,2020,3.0,45119.938,10550129,Central America,30.16053
Czechia,2021,2.9,47796.035,10530683,Central America,30.75134
Czechia,2022,3.36,48390.66,10673216,Central America,31.29533
Czechia,2023,3.65,47509.523,10809722,Central America,
Democratic Republic of Congo,2017,4.27,1253.1874,87083400,Central America,4.5925
Democratic Republic of Congo,2018,3.47,1282.4823,90047647,Africa,4.79826
Democratic Republic of Congo,2019,3.45,1296.9476,92947450,Africa,5.01832
Democratic Republic of Congo,2020,3.21,1277.6328,95990000,Africa,5.2523
Democratic Republic of Congo,2021,3.11,1313.6182,99148930,Africa,5.50006
Democratic Republic of Congo,2022,3.38,1385.4647,102396974,Africa,5.76078
Democratic Republic of Congo,2023,3.55,1456.4824,105789733,Africa,
Denmark,2017,2.2,64815.73,5765164,Africa,13.93698
Denmark,2018,2.26,65694.76,5793824,Africa,13.99919
Denmark,2019,2.34,66580.19,5814618,Europe,14.06424
Denmark,2020,2.41,65204.55,5831529,Europe,14.13622
Denmark,2021,2.49,69715.18,5856774,Europe,14.21624
Denmark,2022,2.72,70233.64,5902901,Europe,14.30341
Denmark,2023,2.94,71454.52,5948134,Europe,
Djibouti,2017,2.97,5421.9565,1054844,Europe,8.45987
Djibouti,2018,3.0,5590.5044,1071886,Europe,8.8945
Djibouti,2019,3.1,5809.3047,1088710,Europe,9.3504
Djibouti,2020,3.24,5791.4775,1105193,Caribbean,9.831
Djibouti,2021,3.4,5960.108,1121251,Caribbean,10.33566
Djibouti,2022,3.86,6180.68,1137101,Caribbean,10.86511
Djibouti,2023,4.06,6545.1035,1152951,Caribbean,
Dominica,2017,4.28,16314.2295,68514,Caribbean,27.77472
Dominica,2018,4.55,16877.125,68195,Caribbean,28.50125
Dominica,2019,4.75,17619.434,67901,Caribbean,29.2372
Dominica,2020,5.0,14919.531,67588,Europe,29.98219
Dominica,2021,5.26,15808.975,67222,Europe,30.7331
Dominica,2022,5.69,17550.8,66847,Europe,31.50258
Dominica,2023,6.08,18278.225,66531,Europe,
Dominican Republic,2017,3.39,19501.875,10666846,Europe,25.21962
Dominican Republic,2018,3.48,20662.848,10782048,Europe,25.97384
Dominican Republic,2019,3.74,21451.287,10894043,Europe,26.74101
Dominican Republic,2020,4.05,19545.41,11008298,Europe,27.52163
Dominican Republic,2021,4.41,22053.459,11123480,Europe,28.31566
Dominican Republic,2022,4.87,22986.959,11230734,Europe,29.12325
Dominican Republic,2023,5.21,23282.49,11331269,Europe,
Ecuador,2017,2.5,14179.153,16759515,Europe,22.8519
Ecuador,2018,2.54,14083.507,17049542,Europe,23.61672
Ecuador,2019,2.63,13870.489,17340017,Europe,24.40306
Ecuador,2020,2.77,12440.326,17546058,Europe,25.23245
Ecuador,2021,2.91,13507.444,17682454,Europe,26.09272
Ecuador,2022,3.2,14186.639,17823900,Africa,26.98363
Ecuador,2023,3.44,14343.019,17980079,Africa,
Egypt,2017,3.81,14018.36,103696055,Africa,39.25935
Egypt,2018,4.02,14488.209,105682092,Africa,40.03781
Egypt,2019,3.98,15026.568,107553159,Africa,40.7968
Egypt,2020,3.88,15309.236,109315118,Africa,41.54097
Egypt,2021,4.01,15579.016,110957005,Africa,42.26823
Egypt,2022,4.69,16360.391,112618252,Africa,42.98924
Egypt,2023,5.96,16691.387,114535772,Europe,
Equatorial Guinea,2017,3.7,22250.44,1562401,Europe,14.62189
Equatorial Guinea,2018,3.77,20165.48,1616425,Europe,15.08635
Equatorial Guinea,2019,3.81,18446.592,1670184,Europe,15.56521
Equatorial Guinea,2020,3.93,17089.154,1716479,Europe,16.08392
Equatorial Guinea,2021,4.08,16821.45,1758796,Europe,16.6247
Equatorial Guinea,2022,4.43,16932.771,1803549,Europe,17.16117
Equatorial Guinea,2023,4.62,15688.238,1847556,Europe,
Estonia,2017,3.14,39939.457,1317430,Africa,25.41265
Estonia,2018,3.21,41273.2,1321972,Africa,25.67401
Estonia,2019,3.35,42652.535,1326822,Africa,25.93938
Estonia,2020,3.43,41340.766,1329675,Africa,26.19586
Estonia,2021,3.34,44251.54,1331750,Africa,26.428
Estonia,2022,3.76,43690.414,1350093,Africa,26.67095
Estonia,2023,4.21,41706.52,1367195,Africa,
Eswatini,2017,3.36,9696.552,1158198,Africa,23.01352
Eswatini,2018,3.31,9632.162,1168933,Caribbean,23.8697
Eswatini,2019,3.33,10123.316,1179885,Caribbean,24.7486
Eswatini,2020,3.41,9727.514,1192734,Caribbean,25.61458
Eswatini,2021,3.62,9946.041,1206598,Caribbean,26.46157
Eswatini,2022,3.96,9955.709,1218921,Caribbean,27.31483
Eswatini,2023,4.09,10201.638,1230507,Caribbean,
Ethiopia,2017,2.94,2222.8281,109666482,Caribbean,1.6931
Ethiopia,2018,3.04,2311.165,112664157,Caribbean,1.81366
Ethiopia,2019,3.27,2437.9705,115737384,Caribbean,1.94416
Ethiopia,2020,3.52,2516.549,118917670,Caribbean,2.08556
Ethiopia,2021,3.88,2588.413,122138588,Caribbean,2.23925
Ethiopia,2022,4.29,2655.5928,125384285,Caribbean,2.40611
Ethiopia,2023,4.41,2757.9592,128691695,Caribbean,
Fiji,2017,3.2,13090.501,918762,Caribbean,30.41922
Fiji,2018,3.27,13612.952,917185,Caribbean,31.09575
Fiji,2019,3.41,13567.474,914906,Caribbean,31.78068
Fiji,2020,3.48,11254.97,914971,South America,32.47163
Fiji,2021,3.81,10685.197,916718,South America,33.162
Fiji,2022,4.18,12762.347,919428,South America,33.84237
Fiji,2023,4.58,13652.491,924150,South America,
Finland,2017,2.53,55637.227,5508398,South America,22.70241
Finland,2018,2.61,56226.336,5515730,South America,22.89806
Finland,2019,2.72,56922.49,5521754,South America,23.09244
Finland,2020,2.81,55424.86,5529616,South America,23.29123
Finland,2021,2.87,56790.375,5541069,Africa,23.49279
Finland,2022,3.25,57068.305,5569300,Africa,23.70109
Finland,2023,3.52,56246.44,5601185,Africa,
France,2017,2.58,51895.566,65284775,Africa,12.03919
France,2018,2.66,52560.953,65519537,Africa,11.80686
France,2019,2.83,53448.555,65729460,Africa,11.57636
France,2020,2.94,49311.332,65905273,Africa,11.35404
France,2021,2.96,52517.336,66083547,Africa,11.13644
France,2022,3.32,53691.617,66277412,Africa,10.92481
France,2023,3.67,54017.875,66438828,Africa,
Gabon,2017,3.24,19555.707,2156902,Africa,16.62083
Gabon,2018,3.31,19225.598,2212320,Africa,17.25933
Gabon,2019,3.44,19491.406,2267711,Africa,17.91805
Gabon,2020,3.6,18681.484,2322538,Africa,18.59753
Gabon,2021,3.81,18523.58,2376729,Africa,19.29325
Gabon,2022,4.18,18662.049,2430750,Africa,20.00162
Gabon,2023,4.45,18702.691,2484790,Europe,
Gambia,2017,2.69,2533.1868,2342191,Europe,10.39007
Gambia,2018,2.86,2651.4329,2399633,Europe,10.91117
Gambia,2019,2.98,2750.8213,2456847,Europe,11.45585
Gambia,2020,3.18,2702.319,2515744,Europe,12.02449
Gambia,2021,3.45,2777.7961,2576015,Europe,12.61192
Gambia,2022,3.81,2863.1804,2636472,Europe,13.21974
Gambia,2023,4.13,2932.2805,2697846,Europe,
Germany,2017,2.64,61991.496,83104010,Africa,23.97949
Germany,2018,2.77,62495.5,83368507,Africa,24.00245
Germany,2019,2.87,62970.715,83559184,Africa,24.02678
Germany,2020,2.97,60342.664,83628711,Africa,24.0571
Germany,2021,3.1,62530.766,83697080,Africa,24.09893
Germany,2022,3.54,62931.97,84086227,Africa,24.16192
Germany,2023,3.89,62686.54,84548233,Africa,
Ghana,2017,3.54,5993.631,30008364,Africa,10.47071
Ghana,2018,3.51,6234.512,30637592,Africa,10.782
Ghana,2019,3.48,6508.2466,31258943,Africa,11.10313
Ghana,2020,3.46,6412.6855,31887802,Africa,11.43054
Ghana,2021,3.5,6607.503,32518662,Africa,11.76499
Ghana,2022,3.83,6728.454,33149152,Africa,12.10874
Ghana,2023,4.29,6808.5376,33787916,Africa,
Greece,2017,2.93,31995.41,10753532,Africa,31.14925
Greece,2018,2.99,32722.33,10730846,Africa,31.64887
Greece,2019,3.1,33502.75,10718581,Oceania,32.15176
Greece,2020,3.13,30487.113,10699370,Oceania,32.66149
Greece,2021,3.25,33531.156,10579561,Oceania,33.17493
Greece,2022,3.73,35906.613,10412481,Oceania,33.68205
Greece,2023,4.16,36854.504,10242910,Oceania,
Grenada,2017,4.43,16301.473,115448,Oceania,26.73455
Grenada,2018,4.5,16975.248,115703,Oceania,27.47328
Grenada,2019,4.44,17047.355,115995,Oceania,28.21835
Grenada,2020,4.51,14656.721,116353,Europe,28.96445
Grenada,2021,4.59,15298.123,116696,Europe,29.72041
Grenada,2022,5.11,16386.463,116928,Europe,30.49136
Grenada,2023,5.58,17128.697,117094,Europe,
Guatemala,2017,2.88,11005.459,16567363,Europe,21.44647
Guatemala,2018,3.13,11192.372,16845688,Europe,22.15826
Guatemala,2019,3.45,11466.376,17103803,Europe,22.88822
Guatemala,2020,3.74,11097.15,17357331,Europe,23.63658
Guatemala,2021,4.01,11825.141,17598652,Europe,24.40594
Guatemala,2022,4.43,12147.931,17847877,Europe,25.19955
Guatemala,2023,4.78,12384.948,18124841,Europe,
Guinea,2017,2.59,3332.7659,12385668,Europe,6.36692
Guinea,2018,2.84,3455.645,12704776,Europe,6.70139
Guinea,2019,3.05,3557.4624,13034349,Europe,7.06064
Guinea,2020,3.36,3630.9934,13371185,Europe,7.4448
Guinea,2021,3.72,3738.8052,13710515,Europe,7.85353
Guinea,2022,4.14,3792.0107,14055136,Africa,8.2886
Guinea,2023,4.65,3904.824,14405469,Africa,
Guinea-Bissau,2017,3.01,2314.158,1877074,Africa,8.14253
Guinea-Bissau,2018,3.04,2344.8694,1922167,Africa,8.49033
Guinea-Bissau,2019,3.14,2418.104,1967704,Africa,8.85828
Guinea-Bissau,2020,3.24,2413.6792,2013259,Africa,9.24726
Guinea-Bissau,2021,3.45,2483.8506,2058841,Africa,9.65376
Guinea-Bissau,2022,3.74,2564.424,2105535,Africa,10.07749
Guinea-Bissau,2023,3.98,2619.4136,2153343,Africa,
Guyana,2017,4.62,12801.641,768483,Africa,24.35603
Guyana,2018,4.79,12980.357,791563,Africa,24.93372
Guyana,2019,5.06,13402.422,807668,Africa,25.61868
Guyana,2020,5.41,19234.13,807486,Africa,26.45697
Guyana,2021,5.9,22865.928,815484,Africa,27.21401
Guyana,2022,6.37,37068.2,821638,Africa,27.99775
Guyana,2023,6.64,49312.36,826357,Africa,
Haiti,2017,3.93,3474.347,10817759,Europe,8.80869
Haiti,2018,4.05,3485.6968,10962373,Europe,9.07098
Haiti,2019,4.28,3381.5847,11105165,Europe,9.34258
Haiti,2020,4.57,3229.4756,11243846,Europe,9.62525
Haiti,2021,4.88,3134.9502,11374592,Europe,9.91953
Haiti,2022,5.3,3047.6519,11503603,Europe,10.22693
Haiti,2023,5.53,2956.4622,11637402,Europe,
Honduras,2017,3.69,6099.6074,9588144,Europe,24.69827
Honduras,2018,3.66,6219.28,9765209,Africa,25.4417
Honduras,2019,3.65,6264.019,9943637,Africa,26.19274
Honduras,2020,3.77,5603.264,10119638,Africa,26.95799
Honduras,2021,3.81,6202.981,10289881,Africa,27.74028
Honduras,2022,4.28,6352.587,10463880,Africa,28.53912
Honduras,2023,4.64,6467.88,10644853,Africa,
Hong Kong,2017,3.33,65662.81,7444889,Africa,
Hong Kong,2018,3.44,66993.93,7471190,Africa,
Hong Kong,2019,3.78,65388.332,7485817,Europe,
Hong Kong,2020,4.04,61328.54,7490240,Europe,
Hong Kong,2021,4.2,65884.94,7484604,Europe,
Hong Kong,2022,4.65,64036.668,7465913,Europe,
Hong Kong,2023,4.77,64428.73,7442738,Europe,
Hungary,2017,3.36,33828.715,9785608,Europe,32.60182
Hungary,2018,3.45,35798.043,9774395,Europe,33.4127
Hungary,2019,3.6,37662.676,9770346,Europe,34.24142
Hungary,2020,3.69,36119.52,9749459,Caribbean,35.10341
Hungary,2021,3.68,38887.19,9707848,Caribbean,35.95836
Hungary,2022,4.46,40656.97,9684308,Caribbean,36.39898
Hungary,2023,5.08,40368.59,9686465,Caribbean,
Iceland,2017,2.38,63999.16,343537,Caribbean,21.0519
Iceland,2018,2.41,65354.26,352860,Caribbean,21.29185
Iceland,2019,2.52,65122.754,360709,Caribbean,21.55821
Iceland,2020,2.7,59627.242,366626,Caribbean,21.86269
Iceland,2021,2.77,61610.215,372647,Central America,22.21003
Iceland,2022,3.0,65475.41,380368,Central America,22.58658
Iceland,2023,3.21,67177.2,387559,Central America,
India,2017,2.77,7326.607,1359657398,Central America,5.40474
India,2018,2.86,7714.34,1374659067,Central America,5.738
India,2019,3.01,7930.0913,1389030307,Central America,6.08334
India,2020,3.23,7399.531,1402617694,Central America,6.44182
India,2021,3.4,8050.0186,1414203896,Central America,6.81628
India,2022,3.67,8594.392,1425423209,Africa,7.20651
India,2023,3.86,9301.756,1438069597,Africa,
Indonesia,2017,3.61,11772.574,267346654,Africa,8.5134
Indonesia,2018,3.68,12262.231,269951847,Africa,9.06837
Indonesia,2019,3.68,12757.785,272489381,Africa,9.64154
Indonesia,2020,3.86,12388.545,274814861,Africa,10.23832
Indonesia,2021,4.0,12757.074,276758056,Africa,10.86129
Indonesia,2022,4.39,13334.266,278830527,Africa,11.50446
Indonesia,2023,4.63,13889.975,281190068,Africa,
Iran,2017,3.01,15108.109,85026761,Africa,22.21595
Iran,2018,3.11,14642.498,86117999,Africa,22.85419
Iran,2019,3.35,14040.665,87051649,Africa,23.47068
Iran,2020,3.15,14397.153,87723448,Africa,24.08115
Iran,2021,3.37,14951.895,88455490,Africa,24.681
Iran,2022,4.09,15331.333,89524247,Africa,25.26413
Iran,2023,4.46,15912.03,90608708,Africa,
Iraq,2017,3.32,14417.631,39337358,South America,34.35332
Iraq,2018,3.48,14456.235,40265629,South America,34.96126
Iraq,2019,3.5,14910.225,41192172,South America,35.55709
Iraq,2020,3.5,12827.635,42116602,South America,36.15319
Iraq,2021,3.42,12731.754,43071208,South America,36.75181
Iraq,2022,3.76,13433.397,44070556,South America,37.36464
Iraq,2023,3.97,13202.323,45074055,South America,
Ireland,2017,2.33,87942.445,4810258,South America,28.65383
Ireland,2018,2.27,93214.336,4872559,North America,29.07512
Ireland,2019,2.3,96369.65,4933493,North America,29.50083
Ireland,2020,2.22,101970.81,4982602,North America,29.94154
Ireland,2021,2.29,116903.61,5028428,North America,30.39106
Ireland,2022,2.52,124489.375,5110015,North America,30.84253
Ireland,2023,2.74,115505.336,5196629,North America,
Israel,2017,2.51,42947.06,8361796,North America,22.8913
Israel,2018,2.58,43814.297,8510067,North America,22.97598
Israel,2019,2.6,44580.81,8657466,Central America,23.0645
Israel,2020,2.61,42915.94,8800380,Central America,23.16605
Israel,2021,2.75,46162.082,8942925,Central America,23.2763
Israel,2022,3.13,48098.188,9103143,Central America,23.39079
Israel,2023,3.24,47527.152,9256311,Central America,
Italy,2017,2.74,48849.22,60390317,Central America,20.35389
Italy,2018,2.83,49133.145,60277496,Central America,20.57582
Italy,2019,3.01,49690.63,60130136,Central America,20.80848
Italy,2020,3.09,45505.07,59912763,Asia,21.04995
Italy,2021,3.17,49825.395,59729353,Asia,21.29551
Italy,2022,3.6,52333.33,59619106,Asia,21.55315
Italy,2023,3.96,52725.746,59499452,Asia,
Jamaica,2017,4.88,9964.391,2815765,Asia,29.84011
Jamaica,2018,4.79,10137.111,2820103,Asia,30.68515
Jamaica,2019,4.83,10216.065,2823275,Asia,31.543
Jamaica,2020,4.9,9178.32,2830745,Asia,32.40809
Jamaica,2021,4.9,9577.164,2837680,Europe,33.27912
Jamaica,2022,5.41,10072.049,2839150,Europe,34.1783
Jamaica,2023,5.83,10332.055,2839785,Europe,
Japan,2017,5.48,44505.277,127064686,Europe,4.24275
Japan,2018,5.65,44848.49,126913432,Europe,4.36315
Japan,2019,5.57,44730.91,126699421,Europe,4.48997
Japan,2020,5.8,42992.48,126304533,Europe,4.62817
Japan,2021,5.98,44355.348,125679342,Europe,4.778
Japan,2022,6.66,44972.344,124997585,Europe,4.93537
Japan,2023,7.29,45858.66,124370947,Europe,
Jordan,2017,2.88,9339.811,10234227,Europe,33.87867
Jordan,2018,2.9,9311.531,10462310,Europe,34.24389
Jordan,2019,2.94,9288.527,10671893,Europe,34.59813
Jordan,2020,3.02,9022.64,10865232,Europe,34.94619
Jordan,2021,2.99,9182.496,11066356,Europe,35.28369
Jordan,2022,3.2,9266.575,11256269,Europe,35.61215
Jordan,2023,3.28,9381.3545,11439220,Asia,
Kazakhstan,2017,2.12,31524.441,18651931,Asia,17.4782
Kazakhstan,2018,2.13,32330.227,18932725,Asia,17.86947
Kazakhstan,2019,2.28,33298.21,19209556,Asia,18.26391
Kazakhstan,2020,2.43,32011.549,19482116,Asia,18.64407
Kazakhstan,2021,2.59,32945.85,19743607,Asia,18.99994
Kazakhstan,2022,2.88,33506.26,20034612,Asia,19.34311
Kazakhstan,2023,3.02,34703.234,20330109,Asia,
Kenya,2017,2.56,4846.8623,49197757,Asia,8.77852
Kenya,2018,2.62,5017.668,50207109,Asia,9.20955
Kenya,2019,2.83,5171.7124,51202829,Asia,9.6502
Kenya,2020,3.1,5057.4014,52217327,Asia,10.10238
Kenya,2021,3.42,5338.8525,53219167,Asia,10.56741
Kenya,2022,3.87,5491.694,54252458,Asia,11.04457
Kenya,2023,4.1,5682.9893,55339007,Asia,
Kuwait,2017,2.13,52285.586,4154686,Asia,42.6664
Kuwait,2018,2.18,51623.81,4323389,Asia,43.08282
Kuwait,2019,2.19,51380.645,4442201,Asia,43.50241
Kuwait,2020,2.22,49372.574,4400146,Asia,44.21436
Kuwait,2021,2.46,50651.957,4360748,Asia,44.9668
Kuwait,2022,2.74,51379.883,4589514,Asia,45.36456
Kuwait,2023,2.93,47777.402,4838781,Asia,
Kyrgyzstan,2017,3.23,5861.222,6220148,Asia,20.68727
Kyrgyzstan,2018,2.98,5951.8286,6341733,Asia,21.40929
Kyrgyzstan,2019,2.94,6087.602,6494036,Asia,22.14383
Kyrgyzstan,2020,3.21,5537.7954,6664143,Asia,22.88817
Kyrgyzstan,2021,3.36,5736.479,6820483,Asia,23.64098
Kyrgyzstan,2022,3.7,6139.778,6955792,Asia,24.41363
Kyrgyzstan,2023,3.77,6575.7754,7073523,Asia,
Laos,2017,3.74,7432.4595,7018150,Asia,5.80556
Laos,2018,3.77,7775.086,7128043,Asia,6.15941
Laos,2019,3.92,8075.275,7237635,Asia,6.53021
Laos,2020,4.22,7995.595,7346534,Europe,6.92016
Laos,2021,4.33,8080.4355,7453192,Europe,7.329
Laos,2022,4.6,8183.0327,7559008,Europe,7.75802
Laos,2023,5.07,8372.156,7665001,Europe,
Latvia,2017,3.04,33036.39,1942599,Europe,27.70001
Latvia,2018,3.03,34729.707,1927586,Europe,28.15591
Latvia,2019,3.19,35208.195,1914267,Europe,28.59322
Latvia,2020,3.28,34225.9,1901119,Europe,29.01372
Latvia,2021,3.55,36912.01,1885593,Asia,29.41296
Latvia,2022,4.13,37681.047,1881059,Asia,29.81393
Latvia,2023,4.51,38796.55,1882399,Asia,
Lebanon,2017,1.71,16128.584,6160129,Asia,28.34066
Lebanon,2018,1.86,16290.052,5984120,Asia,28.89389
Lebanon,2019,1.88,15659.566,5794601,Asia,29.39223
Lebanon,2020,3.15,12507.437,5702400,Asia,29.91751
Lebanon,2021,3.71,11599.775,5718129,Asia,30.47772
Lebanon,2022,5.58,11474.751,5744492,Europe,31.06655
Lebanon,2023,6.46,11330.269,5773494,Europe,
Lesotho,2017,3.59,2924.681,2157117,Europe,16.29856
Lesotho,2018,3.63,2846.4182,2183611,Europe,16.85034
Lesotho,2019,3.74,2773.2864,2209414,Europe,17.42796
Lesotho,2020,4.01,2517.1104,2235727,Europe,18.0304
Lesotho,2021,4.31,2544.7825,2261549,Europe,18.65241
Lesotho,2022,4.68,2577.5454,2286112,Europe,19.29229
Lesotho,2023,4.97,2595.8296,2311476,Caribbean,
Liberia,2017,3.24,1661.3029,4848927,Caribbean,12.30939
Liberia,2018,3.3,1647.9745,4944728,Caribbean,12.99145
Liberia,2019,3.51,1575.7666,5043719,Caribbean,13.72221
Liberia,2020,3.78,1497.377,5149470,Caribbean,14.50258
Liberia,2021,3.67,1539.2089,5259327,Caribbean,15.3311
Liberia,2022,3.94,1578.9984,5373297,Caribbean,16.20574
Liberia,2023,4.17,1616.9237,5493035,Caribbean,
Lithuania,2017,2.85,38774.49,2829317,Asia,29.03651
Lithuania,2018,2.87,41019.79,2802485,Asia,29.45456
Lithuania,2019,3.05,43062.324,2795057,Asia,29.86779
Lithuania,2020,3.07,43091.797,2795766,Asia,30.28593
Lithuania,2021,3.12,45873.527,2794490,Asia,30.70747
Lithuania,2022,3.66,46651.215,2816923,Asia,31.14159
Lithuania,2023,3.97,46159.707,2854104,Asia,
Luxembourg,2017,2.46,132169.83,596506,Asia,19.88293
Luxembourg,2018,2.59,131733.89,608109,Asia,19.90855
Luxembourg,2019,2.62,132724.75,620167,Asia,19.94056
Luxembourg,2020,2.62,129865.63,630597,Asia,19.9947
Luxembourg,2021,2.65,136772.44,640276,Asia,20.08777
Luxembourg,2022,2.95,132574.0,653315,Asia,20.21109
Luxembourg,2023,3.27,129021.65,665101,Asia,
Madagascar,2017,3.08,1669.7277,26788379,Asia,2.76217
Madagascar,2018,3.18,1678.7863,27494930,Asia,2.94408
Madagascar,2019,3.21,1707.8315,28219559,Asia,3.14214
Madagascar,2020,3.2,1545.7272,28953560,Asia,3.35836
Madagascar,2021,3.34,1577.4325,29691087,Asia,3.59256
Madagascar,2022,3.65,1602.7136,30437261,Asia,3.84666
Madagascar,2023,3.87,1629.4609,31195937,Asia,
Malawi,2017,2.38,1613.0593,18039714,Asia,4.81209
Malawi,2018,2.52,1638.9166,18528086,Asia,5.09509
Malawi,2019,2.77,1687.2894,19025748,Asia,5.39181
Malawi,2020,3.1,1656.4398,19533885,Africa,5.70413
Malawi,2021,3.43,1687.5936,20047264,Africa,6.03121
Malawi,2022,3.88,1659.9594,20568731,Africa,6.37348
Malawi,2023,4.29,1648.4365,21104480,Africa,
Malaysia,2017,3.1,29551.545,32355642,Africa,19.11271
Malaysia,2018,3.2,30459.965,32910963,Africa,19.75469
Malaysia,2019,3.3,31300.508,33440590,Africa,20.40472
Malaysia,2020,3.43,29200.453,33889554,Africa,21.06332
Malaysia,2021,3.52,29822.85,34282404,Asia,21.73121
Malaysia,2022,3.89,32079.152,34695494,Asia,22.40492
Malaysia,2023,4.15,32812.3,35126295,Asia,
Maldives,2017,3.36,20036.717,458297,Asia,13.44732
Maldives,2018,3.34,21072.58,473106,Asia,14.2127
Maldives,2019,3.28,21855.502,487737,Asia,15.00708
Maldives,2020,3.33,14242.975,502127,Asia,15.83932
Maldives,2021,3.39,19052.623,516163,Asia,16.69393
Maldives,2022,3.74,21357.81,524116,Asia,17.57296
Maldives,2023,4.01,22286.98,526009,Asia,
Mali,2017,2.97,2816.1934,19813016,Asia,8.02339
Mali,2018,2.97,2862.4062,20442031,Asia,8.37501
Mali,2019,2.97,2916.1707,21068405,Asia,8.74396
Mali,2020,3.04,2796.4104,21713837,Asia,9.12969
Mali,2021,3.16,2796.228,22388637,Asia,9.53207
Mali,2022,3.56,2808.5225,23072641,Asia,9.95287
Mali,2023,3.72,2854.8271,23769130,Asia,
Malta,2017,3.35,51578.98,467902,Asia,33.54749
Malta,2018,3.49,53367.95,484560,Asia,33.69421
Malta,2019,3.75,53342.215,504017,Asia,33.85903
Malta,2020,3.75,50392.96,518212,Asia,34.05789
Malta,2021,3.8,56802.01,524383,Asia,34.29222
Malta,2022,4.28,57781.5,528194,Asia,34.62062
Malta,2023,4.66,59293.297,532964,Asia,
Mauritania,2017,3.86,6050.6216,4210603,Europe,17.52586
Mauritania,2018,3.92,6153.6377,4337685,Europe,18.15396
Mauritania,2019,4.02,6162.2104,4467714,Europe,18.80263
Mauritania,2020,4.13,5963.2354,4600136,Europe,19.47038
Mauritania,2021,4.43,5836.566,4734874,Europe,20.15104
Mauritania,2022,5.04,6053.2617,4875644,Europe,20.84189
Mauritania,2023,5.28,6258.711,5022442,Europe,
Mauritius,2017,3.38,24073.232,1290654,Europe,17.97834
Mauritius,2018,3.41,25024.135,1288836,Asia,18.24899
Mauritius,2019,3.46,25739.355,1286269,Asia,18.53066
Mauritius,2020,3.63,21994.666,1283231,Asia,18.82541
Mauritius,2021,3.77,22737.572,1279628,Asia,19.13919
Mauritius,2022,4.21,24788.766,1276134,Asia,19.47077
Mauritius,2023,4.42,26060.732,1273591,Asia,
Mexico,2017,2.9,21777.523,123400052,Asia,32.4631
Mexico,2018,2.97,21997.773,124573713,Africa,33.18247
Mexico,2019,2.98,21704.186,125762978,Africa,33.90095
Mexico,2020,3.07,19728.482,126799053,Africa,34.62603
Mexico,2021,3.28,20782.588,127648151,Africa,35.35821
Mexico,2022,3.85,21392.111,128613116,Africa,36.08603
Mexico,2023,4.2,21905.178,129739761,Africa,
Moldova,2017,2.34,13118.822,3193500,Africa,25.72407
Moldova,2018,2.47,13895.504,3153779,Africa,25.94346
Moldova,2019,2.65,14621.24,3112561,Africa,26.14759
Moldova,2020,2.9,13559.26,3069135,Africa,26.31797
Moldova,2021,3.08,15682.07,3023780,Africa,26.44663
Moldova,2022,3.42,15358.016,3039986,Africa,25.64504
Moldova,2023,3.57,15990.4795,3067072,Africa,
Mongolia,2017,4.11,14401.537,3104371,Africa,19.81345
Mongolia,2018,4.26,15230.241,3167714,Africa,20.62924
Mongolia,2019,4.56,15790.696,3232118,Africa,21.46038
Mongolia,2020,5.01,14801.342,3290786,Europe,22.30829
Mongolia,2021,5.55,14792.251,3339676,Europe,23.15272
Mongolia,2022,6.17,15310.435,3386015,Europe,23.98801
Mongolia,2023,6.74,16222.864,3431938,Europe,
Montenegro,2017,3.21,22740.387,620112,Europe,18.70458
Montenegro,2018,3.24,23877.725,615798,Europe,19.15578
Montenegro,2019,3.49,24835.375,611671,Europe,19.61707
Montenegro,2020,3.43,21039.322,607934,Europe,20.09107
Montenegro,2021,3.63,23842.062,603854,Europe,20.56728
Montenegro,2022,4.4,25429.025,614649,Europe,21.05212
Montenegro,2023,4.74,27043.328,633553,Europe,
Morocco,2017,2.63,8450.009,35446395,Europe,19.05632
Morocco,2018,2.5,8611.75,35839760,Europe,19.67118
Morocco,2019,2.47,8768.176,36210907,Europe,20.2875
Morocco,2020,2.47,8054.563,36584208,Europe,20.90147
Morocco,2021,2.76,8623.266,36954443,Europe,21.51205
Morocco,2022,3.11,8666.079,37329068,Africa,22.12767
Morocco,2023,3.45,8868.712,37712516,Africa,
Mozambique,2017,2.74,1532.0073,28166397,Africa,6.68719
Mozambique,2018,2.71,1538.8351,29018647,Africa,7.05647
Mozambique,2019,2.78,1528.8899,29884378,Africa,7.45125
Mozambique,2020,2.93,1466.1248,30783685,Africa,7.87035
Mozambique,2021,3.23,1457.2354,31707798,Africa,8.31276
Mozambique,2022,3.57,1476.6656,32656242,Africa,8.7818
Mozambique,2023,3.82,1511.6365,33635163,Africa,
Myanmar,2017,3.56,5877.8745,51894939,Africa,6.22419
Myanmar,2018,3.7,6201.263,52272250,Africa,6.46707
Myanmar,2019,3.93,6562.989,52640718,Africa,6.71965
Myanmar,2020,3.96,5926.8345,53016525,Africa,6.98312
Myanmar,2021,3.64,5178.4473,53387103,Africa,7.25698
Myanmar,2022,3.88,5350.4766,53756791,Africa,7.54058
Myanmar,2023,3.72,5364.138,54133800,Africa,
Namibia,2017,3.26,11408.726,2506854,Asia,13.39269
Namibia,2018,3.26,11214.386,2577327,Asia,13.75055
Namibia,2019,3.33,10813.305,2650499,Asia,14.12391
Namibia,2020,3.52,9652.248,2728760,Asia,14.50836
Namibia,2021,3.75,9709.1,2810552,Asia,14.89686
Namibia,2022,4.11,9953.098,2889668,Asia,15.2854
Namibia,2023,4.5,10137.673,2963102,Asia,
Nepal,2017,3.35,4071.7043,28011258,Asia,4.63252
Nepal,2018,3.32,4371.3857,28079688,Asia,4.98451
Nepal,2019,3.36,4607.5244,28414066,Asia,5.35632
Nepal,2020,3.52,4412.542,28966580,Asia,5.74113
Nepal,2021,3.62,4546.2295,29475016,Asia,6.14118
Nepal,2022,3.89,4763.3877,29715435,Asia,6.57554
Nepal,2023,4.01,4861.2305,29694614,Asia,
Netherlands,2017,2.21,65666.0,17315376,Asia,16.32941
Netherlands,2018,2.27,66758.266,17421285,Asia,16.43257
Netherlands,2019,2.4,67847.85,17537505,Africa,16.5379
Netherlands,2020,2.5,64862.19,17636732,Africa,16.65103
Netherlands,2021,2.54,68573.56,17730565,Africa,16.77178
Netherlands,2022,2.9,71324.04,17904421,Africa,16.91088
Netherlands,2023,3.13,70673.97,18092526,Africa,
New Zealand,2017,2.65,46193.29,4812749,Africa,32.09313
New Zealand,2018,2.57,46947.938,4900840,Africa,32.51949
New Zealand,2019,2.7,47277.664,4989410,Africa,32.94984
New Zealand,2020,2.83,46104.605,5069895,Europe,33.37983
New Zealand,2021,2.86,47996.68,5107694,Europe,33.80555
New Zealand,2022,3.28,49618.523,5131731,Europe,34.24536
New Zealand,2023,3.56,49083.508,5172837,Europe,
Nicaragua,2017,3.72,7391.197,6316235,Europe,28.69816
Nicaragua,2018,3.73,7049.0273,6400074,Europe,29.42765
Nicaragua,2019,3.78,6756.5938,6483660,Europe,30.16327
Nicaragua,2020,3.89,6523.3696,6565267,Europe,30.90833
Nicaragua,2021,4.06,7119.1694,6644745,Africa,31.6623
Nicaragua,2022,4.59,7277.8228,6730662,Africa,32.42438
Nicaragua,2023,4.9,7496.5293,6823619,Africa,
Niger,2017,3.25,1520.0016,21435449,Africa,4.26063
Niger,2018,3.27,1574.3384,22188074,Africa,4.44253
Niger,2019,3.34,1612.6373,22947765,Africa,4.63934
Niger,2020,3.6,1615.6927,23717615,Africa,4.8523
Niger,2021,4.02,1585.5992,24502145,Africa,5.08075
Niger,2022,4.48,1717.5189,25311978,Africa,5.32594
Niger,2023,4.68,1689.5642,26159863,Africa,
Nigeria,2017,2.78,5651.7344,200254580,Africa,9.02521
Nigeria,2018,2.96,5628.7407,204938752,Africa,9.35165
Nigeria,2019,3.17,5628.1777,209485637,Africa,9.69847
Nigeria,2020,3.41,5410.6934,213996185,Africa,10.0632
Nigeria,2021,3.76,5491.7,218529286,Africa,10.44192
Nigeria,2022,4.12,5552.838,223150906,Africa,10.83669
Nigeria,2023,4.39,5593.0566,227882949,North America,
North Macedonia,2017,3.29,20119.943,1940877,North America,27.09101
North Macedonia,2018,3.3,20804.775,1919730,North America,27.76966
North Macedonia,2019,3.49,21765.686,1897643,North America,28.47417
North Macedonia,2020,3.52,20970.287,1872021,North America,29.19683
North Macedonia,2021,3.84,22142.973,1851109,North America,29.92071
North Macedonia,2022,4.47,22820.977,1840236,North America,30.6488
North Macedonia,2023,4.74,23343.602,1831800,North America,
Norway,2017,3.32,87194.11,5276807,Europe,18.4957
Norway,2018,3.43,87338.47,5311751,Europe,18.73816
Norway,2019,3.53,87725.73,5347733,Europe,18.98198
Norway,2020,3.62,86096.055,5379275,Europe,19.2358
Norway,2021,3.63,88984.14,5408082,Europe,19.49927
Norway,2022,3.98,91051.086,5456796,Europe,19.76505
Norway,2023,4.33,90085.555,5519167,Europe,
Oman,2017,2.29,38691.11,4537397,Europe,26.22723
Oman,2018,2.39,38673.605,4597878,Asia,26.95943
Oman,2019,2.49,38292.387,4591248,Asia,27.7725
Oman,2020,2.48,37560.6,4522502,Asia,28.67649
Oman,2021,2.45,38719.457,4500429,Asia,29.49348
Oman,2022,2.7,39780.21,4730229,Asia,30.18688
Oman,2023,2.88,37709.066,5049267,Asia,
Pakistan,2017,2.97,5031.5605,223273974,Asia,16.35834
Pakistan,2018,2.91,5255.0635,226928893,Asia,17.40055
Pakistan,2019,2.95,5295.953,230800908,Europe,18.46998
Pakistan,2020,3.18,5135.0146,235001745,Europe,19.56702
Pakistan,2021,3.3,5367.2734,239477805,Europe,20.69342
Pakistan,2022,3.7,5526.2793,243700667,Europe,21.84745
Pakistan,2023,4.08,5439.1797,247504505,Europe,
Palestine,2017,2.53,6426.7954,4742747,Europe,30.9377
Palestine,2018,2.65,6342.9375,4850593,Europe,31.34411
Palestine,2019,2.76,6269.891,4957773,Europe,31.734
Palestine,2020,2.77,5423.6826,5069692,Africa,32.10747
Palestine,2021,2.72,5663.1216,5185341,Africa,32.46407
Palestine,2022,3.03,5753.084,5305274,Africa,32.8151
Palestine,2023,3.16,5361.131,5409201,Africa,
Panama,2017,4.19,31979.812,4098704,Africa,31.28631
Panama,2018,3.88,32681.447,4167860,Africa,32.23535
Panama,2019,3.78,33163.727,4234698,Africa,33.18132
Panama,2020,3.65,26881.799,4293258,Africa,34.1384
Panama,2021,3.63,30932.764,4345410,Africa,35.10766
Panama,2022,3.96,33833.027,4400775,Africa,36.0801
Panama,2023,4.2,35863.88,4458758,Africa,
Paraguay,2017,3.74,15320.337,6338658,Africa,27.28914
Paraguay,2018,3.73,15592.984,6427382,Africa,28.20804
Paraguay,2019,3.71,15321.324,6515059,Africa,29.14951
Paraguay,2020,3.73,14991.66,6603741,Africa,30.10996
Paraguay,2021,3.95,15406.167,6684184,Africa,31.08697
Paraguay,2022,4.47,15259.1455,6760460,Asia,32.08339
Paraguay,2023,4.71,15826.088,6844150,Asia,
Peru,2017,3.25,15069.522,31324639,Asia,22.25411
Peru,2018,3.19,15386.26,31897590,Asia,23.19111
Peru,2019,3.25,15463.543,32449302,Asia,24.14778
Peru,2020,3.34,13609.6,32838577,Asia,25.1392
Peru,2021,3.5,15280.551,33155883,Asia,26.14957
Peru,2022,3.94,15559.821,33475436,Asia,27.18473
Peru,2023,4.3,15327.582,33845616,Africa,
Philippines,2017,3.26,8584.136,108119691,Africa,7.01294
Philippines,2018,3.4,9016.286,109465284,Africa,7.3284
Philippines,2019,3.47,9452.294,110804685,Africa,7.6564
Philippines,2020,3.55,8455.185,112081270,Africa,7.99819
Philippines,2021,3.73,8857.79,113100947,Africa,8.35913
Philippines,2022,3.97,9457.104,113964343,Africa,8.73605
Philippines,2023,4.21,9898.533,114891199,Africa,
Poland,2017,2.95,34354.598,38254964,Asia,28.17818
Poland,2018,3.03,36500.41,38241070,Asia,28.91616
Poland,2019,3.25,38181.62,38225884,Asia,29.66397
Poland,2020,3.38,37852.8,38171005,Asia,30.4156
Poland,2021,3.36,41059.586,38040303,Asia,31.16302
Poland,2022,3.8,43405.023,38385734,Asia,31.41283
Poland,2023,4.04,43672.766,38762847,Asia,
Portugal,2017,2.64,37943.113,10330838,Asia,24.70543
Portugal,2018,2.73,39123.613,10325355,Europe,25.1747
Portugal,2019,2.85,40188.285,10343218,Europe,25.63292
Portugal,2020,2.87,36852.227,10370519,Europe,26.0877
Portugal,2021,2.99,38657.668,10390957,Europe,26.55605
Portugal,2022,3.51,41070.86,10417074,Europe,27.06199
Portugal,2023,3.82,41571.02,10430735,Europe,
Qatar,2017,2.32,115064.945,2706716,Europe,39.01982
Qatar,2018,2.43,114909.945,2761144,Europe,39.81867
Qatar,2019,2.45,113160.98,2797927,Oceania,40.68851
Qatar,2020,2.44,103061.914,2803375,Oceania,41.75581
Qatar,2021,2.35,116832.57,2814988,Oceania,42.89238
Qatar,2022,2.52,114740.125,2892466,Oceania,43.75553
Qatar,2023,2.58,116159.14,2979086,Oceania,
Romania,2017,2.79,32849.11,19689405,Oceania,31.33332
Romania,2018,2.84,35065.18,19597874,Oceania,32.79678
Romania,2019,3.04,36633.363,19501542,Oceania,34.25017
Romania,2020,3.17,35482.195,19392467,Central America,35.68721
Romania,2021,3.22,37730.37,19248159,Central America,37.11097
Romania,2022,3.57,39377.973,19166776,Central America,38.23628
Romania,2023,3.93,40301.5,19118482,Central America,
Russia,2017,2.25,35570.39,146186798,Central America,26.43276
Russia,2018,2.28,36536.695,146430146,Central America,26.77684
Russia,2019,2.45,37319.32,146533063,Central America,27.11705
Russia,2020,2.57,36376.336,146371295,Africa,27.45495
Russia,2021,2.77,38638.43,145836172,Africa,27.7768
Russia,2022,3.09,38214.496,145579889,Africa,28.04944
Russia,2023,3.17,39887.34,145440502,Africa,
Rwanda,2017,3.05,2351.597,12202062,Africa,3.16088
Rwanda,2018,2.89,2493.44,12488000,Africa,3.40847
Rwanda,2019,2.99,2667.4646,12776102,Africa,3.67215
Rwanda,2020,3.3,2520.3174,13065838,Africa,3.95306
Rwanda,2021,3.31,2733.4355,13355260,Africa,4.25166
Rwanda,2022,3.87,2892.4597,13651025,Africa,4.56908
Rwanda,2023,4.59,3062.999,13954473,Africa,
Saint Kitts and Nevis,2017,3.37,29948.92,47075,Africa,42.82592
Saint Kitts and Nevis,2018,3.51,30576.248,47032,Africa,43.58385
Saint Kitts and Nevis,2019,3.65,31512.193,46976,Africa,44.34437
Saint Kitts and Nevis,2020,3.81,26736.928,46896,Africa,45.10648
Saint Kitts and Nevis,2021,3.95,26896.617,46786,Africa,45.86787
Saint Kitts and Nevis,2022,4.59,29712.686,46732,Europe,46.61522
Saint Kitts and Nevis,2023,4.84,30966.332,46783,Europe,
Saint Lucia,2017,3.6,22422.598,176352,Europe,29.78383
Saint Lucia,2018,3.8,22981.918,177032,Europe,30.57369
Saint Lucia,2019,4.03,22738.248,177675,Europe,31.38012
Saint Lucia,2020,4.41,17142.045,178261,Europe,32.20626
Saint Lucia,2021,4.57,19101.166,178540,Europe,33.0611
Saint Lucia,2022,4.9,22962.281,178794,Europe,33.93452
Saint Lucia,2023,5.22,23403.744,179291,Europe,
Saint Vincent and the Grenadines,2017,4.3,15533.222,105674,Europe,29.88657
Saint Vincent and the Grenadines,2018,4.44,16139.066,104939,Europe,30.59861
Saint Vincent and the Grenadines,2019,4.48,16365.325,104183,Europe,31.32182
Saint Vincent and the Grenadines,2020,4.65,15763.705,103540,Europe,32.05409
Saint Vincent and the Grenadines,2021,4.87,16200.899,102848,Europe,32.80342
Saint Vincent and the Grenadines,2022,5.48,16835.023,102063,Europe,33.56653
Saint Vincent and the Grenadines,2023,6.03,17858.244,101331,Europe,
Sao Tome and Principe,2017,2.31,5521.2026,206986,Asia,12.50113
Sao Tome and Principe,2018,2.63,5674.7236,210198,Asia,13.00792
Sao Tome and Principe,2019,2.98,5702.0835,213405,Asia,13.52654
Sao Tome and Principe,2020,3.29,5742.9473,217450,Asia,14.03
Sao Tome and Principe,2021,3.8,5732.6943,221975,Asia,14.52803
Sao Tome and Principe,2022,4.17,5632.1387,226313,Asia,15.03851
Sao Tome and Principe,2023,4.43,5541.302,230882,Asia,
Saudi Arabia,2017,2.46,57942.547,30782400,Asia,37.85023
Saudi Arabia,2018,2.46,61359.465,30365119,Asia,38.30225
Saudi Arabia,2019,2.48,62647.715,30472809,Asia,38.7484
Saudi Arabia,2020,2.43,57420.734,30991206,Asia,39.46707
Saudi Arabia,2021,2.62,62690.496,31328374,Asia,40.358
Saudi Arabia,2022,2.87,67178.59,32175351,Asia,41.1081
Saudi Arabia,2023,2.96,64481.844,33264289,Asia,
Senegal,2017,2.65,3871.4514,15475001,Asia,7.34309
Senegal,2018,2.72,3998.2864,15914495,Asia,7.58629
Senegal,2019,2.79,4070.6123,16352926,Asia,7.84299
Senegal,2020,2.88,4018.0413,16789217,Asia,8.11252
Senegal,2021,3.04,4173.6772,17220866,Asia,8.39039
Senegal,2022,3.44,4228.734,17651099,Asia,8.68215
Senegal,2023,3.63,4304.7617,18077573,Asia,
Serbia,2017,3.56,19437.904,7073507,Asia,23.39587
Serbia,2018,3.64,20453.082,7020014,Asia,23.88757
Serbia,2019,3.84,21539.922,6966155,Asia,24.4088
Serbia,2020,3.86,21477.877,6907814,Central America,24.94657
Serbia,2021,4.01,23404.998,6835429,Central America,25.49247
Serbia,2022,4.63,24633.07,6791215,Central America,26.05491
Serbia,2023,5.19,25740.203,6773204,Central America,
Seychelles,2017,3.53,31595.668,112443,Central America,27.48618
Seychelles,2018,3.5,32841.426,115053,Central America,28.00323
Seychelles,2019,3.53,34346.07,117662,Central America,28.54433
Seychelles,2020,3.46,30056.2,120299,Central America,29.10129
Seychelles,2021,3.79,29979.828,123000,South America,29.67629
Seychelles,2022,4.05,27978.178,125533,South America,30.26695
Seychelles,2023,4.22,28635.355,127961,South America,
Sierra Leone,2017,2.64,2755.9043,7379300,South America,5.73562
Sierra Leone,2018,2.8,2769.8696,7554568,South America,5.85972
Sierra Leone,2019,2.76,2855.229,7731994,South America,5.99645
Sierra Leone,2020,2.83,2755.1025,7912557,South America,6.1459
Sierra Leone,2021,3.08,2851.9521,8094603,South America,6.30555
Sierra Leone,2022,3.39,2937.3735,8276809,South America,6.47527
Sierra Leone,2023,3.74,3037.6765,8460523,South America,
Singapore,2017,2.78,116471.82,5604087,South America,10.59605
Singapore,2018,2.86,119927.766,5634366,South America,11.13614
Singapore,2019,2.92,120114.13,5669562,South America,11.69943
Singapore,2020,3.0,115893.04,5620151,South America,12.28996
Singapore,2021,3.09,132617.36,5546291,South America,12.90418
Singapore,2022,3.31,133571.97,5649888,South America,13.53592
Singapore,2023,3.46,129555.24,5789092,Asia,
Sint Maarten (Dutch part),2017,4.43,46088.36,39012,Asia,
Sint Maarten (Dutch part),2018,4.58,42154.1,39736,Asia,
Sint Maarten (Dutch part),2019,4.67,45996.793,40410,Asia,
Sint Maarten (Dutch part),2020,4.78,39265.76,41027,Asia,
Sint Maarten (Dutch part),2021,4.82,40507.066,41593,Asia,
Sint Maarten (Dutch part),2022,4.93,43877.25,42163,Asia,
Sint Maarten (Dutch part),2023,5.06,44894.695,42775,Asia,
Slovakia,2017,2.46,35042.72,5435702,Europe,26.58054
Slovakia,2018,2.53,36415.723,5443229,Europe,27.39027
Slovakia,2019,2.69,37194.137,5450627,Europe,28.20953
Slovakia,2020,2.89,36201.414,5455028,Europe,29.03329
Slovakia,2021,3.01,38346.094,5442766,Europe,29.85681
Slovakia,2022,3.54,38623.67,5473195,Europe,30.28089
Slovakia,2023,4.14,39497.535,5518057,Europe,
Slovenia,2017,2.6,41703.305,2062410,Europe,19.86365
Slovenia,2018,2.7,43371.98,2069484,Europe,20.25425
Slovenia,2019,2.85,44580.777,2083438,Europe,20.67782
Slovenia,2020,2.98,42474.227,2102421,Europe,21.14687
Slovenia,2021,3.01,45914.06,2113495,Europe,21.65935
Slovenia,2022,3.42,47064.152,2115231,Europe,22.20498
Slovenia,2023,3.72,47868.387,2118394,Europe,
Somalia,2017,3.61,1527.1122,14916630,Europe,10.24997
Somalia,2018,3.88,1504.4391,15452489,Europe,10.70275
Somalia,2019,3.98,1491.1075,16030969,Asia,11.17756
Somalia,2020,3.93,1396.0535,16651200,Asia,11.66618
Somalia,2021,4.08,1392.4642,17271435,Asia,12.16913
Somalia,2022,4.65,1387.8137,17801895,Asia,12.69808
Somalia,2023,4.65,1402.47,18358622,Asia,
South Africa,2017,3.0,14591.437,57635158,Asia,28.02176
South Africa,2018,2.94,14571.376,58613001,Asia,28.43469
South Africa,2019,2.94,14370.238,59587880,Asia,28.84686
South Africa,2020,3.0,13266.786,60562374,Europe,29.2544
South Africa,2021,3.14,13711.294,61502602,Europe,29.65177
South Africa,2022,3.46,13777.192,62378417,Europe,30.03376
South Africa,2023,3.76,13690.39,63212386,Europe,
South Korea,2017,4.73,44787.65,51486268,Europe,5.19567
South Korea,2018,4.92,45890.43,51640894,Europe,5.46886
South Korea,2019,4.9,46757.26,51767844,Europe,5.75904
South Korea,2020,5.18,46361.598,51858481,Europe,6.06794
South Korea,2021,5.55,48419.645,51848401,Europe/Asia,6.39314
South Korea,2022,6.05,49777.93,51782515,Europe/Asia,6.73334
South Korea,2023,6.39,50414.207,51748744,Europe/Asia,
Spain,2017,2.53,45446.25,46868594,Europe/Asia,20.55954
Spain,2018,2.57,46325.21,47092817,Europe/Asia,20.26958
Spain,2019,2.71,46896.418,47435121,Europe/Asia,19.96951
Spain,2020,2.75,41553.45,47679482,Europe/Asia,19.68164
Spain,2021,2.94,44251.664,47735670,Europe/Asia,19.40798
Spain,2022,3.4,46649.562,47828386,Africa,19.16706
Spain,2023,3.83,47341.17,47911583,Africa,
Sri Lanka,2017,3.86,14572.485,22087525,Africa,7.97149
Sri Lanka,2018,3.81,14759.825,22253116,Africa,8.46438
Sri Lanka,2019,3.7,14637.444,22410552,Africa,8.97363
Sri Lanka,2020,3.66,13886.651,22561808,Africa,9.49996
Sri Lanka,2021,4.27,14316.135,22700377,Africa,10.0449
Sri Lanka,2022,4.87,13249.065,22834965,Africa,10.60543
Sri Lanka,2023,4.89,13024.94,22971615,Caribbean,
Sudan,2017,2.59,4061.0183,42714311,Caribbean,12.35042
Sudan,2018,2.77,3816.66,44230597,Caribbean,12.90614
Sudan,2019,2.87,3625.5232,45548179,Caribbean,13.503
Sudan,2020,2.86,3401.2498,46789237,Caribbean,14.13712
Sudan,2021,3.03,3248.9756,48066930,Caribbean,14.80176
Sudan,2022,2.75,3132.0771,49383344,Caribbean,15.49623
Sudan,2023,2.94,2181.079,50042800,Caribbean,
Suriname,2017,4.4,22070.514,593720,Caribbean,25.73275
Suriname,2018,4.33,22938.535,599519,Caribbean,26.36193
Suriname,2019,4.67,22966.74,605779,Caribbean,26.99139
Suriname,2020,4.94,19091.361,612320,Caribbean,27.63182
Suriname,2021,5.44,18458.234,617905,Caribbean,28.29558
Suriname,2022,5.88,18742.588,623172,Caribbean,28.98193
Suriname,2023,6.4,19043.705,628892,Caribbean,
Sweden,2017,2.71,59883.668,10057864,Caribbean,16.00645
Sweden,2018,2.77,60318.46,10175400,Caribbean,16.07548
Sweden,2019,2.91,61232.484,10279120,Caribbean,16.14687
Sweden,2020,3.0,59572.477,10353682,Caribbean,16.22679
Sweden,2021,3.06,62731.7,10416134,Caribbean,16.31432
Sweden,2022,3.5,63215.438,10487335,Caribbean,16.4103
Sweden,2023,3.83,62845.484,10551493,Caribbean,
Switzerland,2017,2.39,77626.91,8453630,Caribbean,13.41364
Switzerland,2018,2.45,79261.36,8516341,Caribbean,13.46228
Switzerland,2019,2.55,79596.7,8577525,Africa,13.5137
Switzerland,2020,2.59,77324.89,8640582,Africa,13.56942
Switzerland,2021,2.63,81001.414,8707019,Africa,13.64625
Switzerland,2022,2.85,82777.3,8792180,Africa,13.74016
Switzerland,2023,3.01,82302.05,8870564,Africa,
Syria,2017,2.5,4977.792,19224671,Africa,30.46027
Syria,2018,2.55,4956.093,19577849,Africa,30.67682
Syria,2019,2.61,4825.4062,20353536,Africa,30.71288
Syria,2020,3.91,4633.3496,21049431,Asia,30.83128
Syria,2021,5.01,4592.8384,21628837,Asia,31.02562
Syria,2022,5.4,4454.8535,22462170,Asia,31.17818
Syria,2023,5.61,4189.8374,23594623,Asia,
Tajikistan,2017,2.99,3312.712,9085942,Asia,17.19466
Tajikistan,2018,2.99,3479.6924,9307345,Asia,17.88645
Tajikistan,2019,3.17,3649.8838,9529970,Asia,18.59565
Tajikistan,2020,3.43,3724.749,9749312,Asia,19.31249
Tajikistan,2021,3.53,3985.9126,9966912,Africa,20.04547
Tajikistan,2022,3.68,4213.7563,10182228,Africa,20.80941
Tajikistan,2023,3.68,4472.324,10389807,Africa,
Tanzania,2017,2.14,3319.3767,55652888,Africa,8.72751
Tanzania,2018,2.3,3392.6887,57437134,Africa,9.21477
Tanzania,2019,2.45,3484.6326,59174889,Africa,9.72141
Tanzania,2020,2.64,3449.8215,60972803,Africa,10.25206
Tanzania,2021,2.79,3493.083,62830410,Africa,10.80856
Tanzania,2022,3.1,3546.981,64711822,Europe,11.39353
Tanzania,2023,3.32,3620.7935,66617607,Europe,
Thailand,2017,4.27,20094.678,71160183,Europe,12.15475
Thailand,2018,4.34,20879.902,71376081,Europe,12.60619
Thailand,2019,4.5,21277.84,71522264,Europe,13.06406
Thailand,2020,4.65,19957.258,71641484,Europe,13.53404
Thailand,2021,4.75,20242.77,71727338,Europe,14.01727
Thailand,2022,5.17,20762.795,71735321,Europe,14.50924
Thailand,2023,5.46,21191.453,71702436,Africa,
Togo,2017,2.54,2389.2124,8057138,Africa,8.04478
Togo,2018,2.6,2442.647,8258782,Africa,8.47613
Togo,2019,2.66,2501.0308,8463070,Africa,8.93324
Togo,2020,2.81,2490.053,8669721,Africa,9.41633
Togo,2021,3.12,2577.202,8878382,Africa,9.92236
Togo,2022,3.5,2662.2593,9089742,Africa,10.44978
Togo,2023,3.58,2767.5166,9304346,Africa,
Trinidad and Tobago,2017,3.72,34153.883,1445265,Africa,27.18021
Trinidad and Tobago,2018,3.87,33753.594,1470522,Africa,27.51743
Trinidad and Tobago,2019,3.93,33793.707,1484898,Africa,27.89324
Trinidad and Tobago,2020,4.11,30723.404,1481026,Africa,28.33544
Trinidad and Tobago,2021,4.43,30424.664,1487715,Africa,28.73922
Trinidad and Tobago,2022,4.98,30793.4,1495923,Africa,29.15095
Trinidad and Tobago,2023,5.35,31193.916,1502938,Africa,
Tunisia,2017,3.66,12953.523,11650504,Africa,24.89414
Tunisia,2018,3.72,13163.591,11765515,Asia,25.57657
Tunisia,2019,3.79,13249.224,11875084,Asia,26.25088
Tunisia,2020,3.81,11955.566,11974058,Asia,26.92617
Tunisia,2021,3.97,12444.326,12048625,Asia,27.59794
Tunisia,2022,4.38,12702.453,12119338,Asia,28.264
Tunisia,2023,4.77,12622.96,12200434,Asia,
Turkey,2017,3.45,27851.982,83083667,Asia,31.2609
Turkey,2018,3.59,28305.46,84415966,Asia,31.86981
Turkey,2019,3.88,28132.053,85357670,,32.47944
Turkey,2020,3.73,28378.553,86091691,,33.069
Turkey,2021,3.81,31338.266,86686254,,33.64245
Turkey,2022,4.44,32748.318,87058469,,34.25613
Turkey,2023,4.65,34282.535,87270502,,
Turks and Caicos Islands,2017,2.8,16498.691,39931,,
Turks and Caicos Islands,2018,2.91,30286.12,41580,,
Turks and Caicos Islands,2019,2.99,30611.213,43191,,
Turks and Caicos Islands,2020,3.13,19702.537,44405,Europe,
Turks and Caicos Islands,2021,3.27,25056.488,45262,Europe,
Turks and Caicos Islands,2022,3.63,28209.625,45869,Europe,
Turks and Caicos Islands,2023,3.88,31839.371,46221,Europe,
Uganda,2017,3.12,2543.8477,40177384,Europe,4.78315
Uganda,2018,3.03,2613.88,41565839,Europe,5.12728
Uganda,2019,2.93,2689.4102,42999636,Europe,5.5056
Uganda,2020,2.9,2678.009,44457148,Europe,5.92244
Uganda,2021,2.95,2684.9204,45910931,Europe,6.38127
Uganda,2022,3.36,2724.906,47312718,Europe,6.88494
Uganda,2023,3.68,2791.0557,48656606,Europe,
United Arab Emirates,2017,2.46,68871.85,9234330,Europe,29.71277
United Arab Emirates,2018,2.74,68854.97,9346870,Europe,30.0836
United Arab Emirates,2019,2.87,68887.84,9377855,Europe,30.43723
United Arab Emirates,2020,2.85,65784.68,9448529,Europe,30.82811
United Arab Emirates,2021,2.66,67401.125,9789055,Europe,31.25144
United Arab Emirates,2022,2.93,68867.83,10242085,Africa,31.54617
United Arab Emirates,2023,3.11,68577.54,10642089,Africa,
United Kingdom,2017,1.7,51601.14,66354473,Africa,27.40171
United Kingdom,2018,1.75,52071.27,66752473,Africa,27.6555
United Kingdom,2019,1.83,52645.543,67110958,Africa,27.90822
United Kingdom,2020,1.86,47144.723,67351860,Africa,28.16976
United Kingdom,2021,1.9,51004.426,67668788,Africa,28.43704
United Kingdom,2022,2.21,52982.176,68179315,Africa,28.70708
United Kingdom,2023,2.5,52502.914,68682965,Africa,
United States,2017,2.17,66155.555,332204657,Africa,40.24966
United States,2018,2.18,67719.766,335056492,Africa,40.78046
United States,2019,2.2,69112.6,337790069,Africa,41.30959
United States,2020,2.28,67342.07,339436156,Africa,41.84385
United States,2021,2.36,71307.4,340161438,Africa,42.36097
United States,2022,2.63,72679.26,341534041,Africa,42.86787
United States,2023,2.76,74158.72,343477330,Africa,
Uruguay,2017,2.78,29762.434,3388444,Asia,30.20801
Uruguay,2018,2.93,29757.94,3394538,Asia,31.06208
Uruguay,2019,3.08,30010.574,3397206,Asia,31.93985
Uruguay,2020,3.45,27788.186,3398966,Asia,32.83513
Uruguay,2021,3.65,29431.885,3396693,Asia,33.74313
Uruguay,2022,4.01,30804.703,3390913,Asia,34.66752
Uruguay,2023,4.29,31059.254,3388083,Asia,
Uzbekistan,2017,4.11,8047.0537,31819172,Europe,23.00886
Uzbekistan,2018,4.07,8348.961,32373489,Europe,24.07068
Uzbekistan,2019,4.0,8755.126,32964700,Europe,25.16017
Uzbekistan,2020,3.97,8727.411,33586373,Europe,26.2659
Uzbekistan,2021,4.06,9247.644,34243696,Europe,27.38298
Uzbekistan,2022,4.52,9607.562,34938953,Europe,28.51616
Uzbekistan,2023,4.78,10007.686,35652311,Europe,
Vietnam,2017,3.27,10290.549,95176978,Europe,1.32914
Vietnam,2018,3.33,10936.894,96237319,Asia,1.45889
Vietnam,2019,3.47,11628.614,97173778,Asia,1.59831
Vietnam,2020,3.79,11851.396,98079196,Asia,1.74839
Vietnam,2021,3.88,12048.902,98935101,Asia,1.90933
Vietnam,2022,4.17,12979.764,99680656,Asia,2.0817
Vietnam,2023,4.34,13545.935,100352189,Asia,
Zambia,2017,2.73,3612.5059,17441328,Africa,7.10811
Zambia,2018,2.79,3646.9597,17973574,Africa,7.52446
Zambia,2019,2.88,3591.5642,18513839,Africa,7.96285
Zambia,2020,2.96,3391.5955,19059394,South America,8.42463
Zambia,2021,3.28,3503.035,19603610,South America,8.90834
Zambia,2022,3.61,3585.1238,20152935,South America,9.4169
Zambia,2023,3.81,3673.4841,20723967,South America,
Zimbabwe,2017,3.54,3453.5059,14812484,South America,10.27429
